401,2011,152,15,0.29918,0,5.396,7.9,7.03,5.374,5.93
401,2011,152,30,0.27415,0,5.406,7.9,7.04,5.394,5.936
401,2011,152,45,0.24964,0,5.417,7.91,7.06,5.414,5.952
401,2011,152,100,0.22563,0,5.426,7.92,7.07,5.433,5.955
401,2011,152,115,0.20212,0,5.433,7.93,7.08,5.45,5.961
401,2011,152,130,0.18842,0,5.443,7.93,7.08,5.458,5.968
401,2011,152,145,0.17496,0,5.454,7.93,7.09,5.48,5.972
401,2011,152,200,0.16173,0,5.464,7.92,7.09,5.495,5.981
401,2011,152,215,0.14872,0,5.473,7.93,7.1,5.507,5.981
401,2011,152,230,0.14648,0,5.481,7.93,7.1,5.515,5.977
401,2011,152,245,0.14426,0,5.488,7.93,7.1,5.526,5.975
401,2011,152,300,0.14206,0,5.492,7.94,7.11,5.533,5.975
401,2011,152,315,0.13989,0,5.496,7.95,7.11,5.542,5.972
401,2011,152,330,0.12593,0,5.501,7.95,7.11,5.547,5.974
401,2011,152,345,0.11226,0,5.506,7.95,7.11,5.553,5.975
401,2011,152,400,0.098897,0,5.511,7.95,7.12,5.557,5.981
401,2011,152,415,0.085825,0,5.525,7.94,7.13,5.562,6
401,2011,152,430,0.083902,8.7412,5.533,7.94,7.13,5.568,6.016
401,2011,152,445,0.081976,17.482,5.543,7.95,7.14,5.572,6.016
401,2011,152,500,0.080046,26.224,5.55,7.95,7.14,5.573,6.012
401,2011,152,515,0.078113,34.965,5.549,7.96,7.14,5.574,6.009
401,2011,152,530,0.11094,92.465,5.553,7.97,7.14,5.579,6.008
401,2011,152,545,0.14521,149.96,5.558,7.98,7.14,5.583,6.004
401,2011,152,600,0.18097,207.46,5.555,7.99,7.14,5.584,6.002
401,2011,152,615,0.21825,264.96,5.552,7.99,7.14,5.586,5.997
401,2011,152,630,0.2522,364.49,5.55,7.98,7.13,5.587,5.989
401,2011,152,645,0.28791,464.02,5.549,7.97,7.13,5.585,5.982
401,2011,152,700,0.32543,563.54,5.552,7.97,7.12,5.582,5.974
401,2011,152,715,0.36483,663.07,5.556,7.98,7.11,5.579,5.96
401,2011,152,730,0.42031,761.99,5.553,7.98,7.11,5.572,5.945
401,2011,152,745,0.47899,860.91,5.531,7.95,7.1,5.537,5.928
401,2011,152,800,0.54098,959.83,5.473,7.85,7.04,5.408,5.911
401,2011,152,815,0.60642,1058.8,5.365,7.71,6.787,5.07,5.895
401,2011,152,830,0.71085,1139.4,5.236,7.56,6.293,4.596,5.865
401,2011,152,845,0.82321,1220.1,5.111,7.43,5.888,4.259,5.817
401,2011,152,900,0.94394,1300.7,4.977,7.29,5.601,4.022,5.717
401,2011,152,915,1.0735,1381.4,4.858,7.16,5.425,3.87,5.559
401,2011,152,930,1.1806,1452.2,4.726,7.02,5.245,3.712,5.335
401,2011,152,945,1.2927,1523,4.609,6.895,5.105,3.528,5.039
401,2011,152,1000,1.4102,1593.8,4.502,6.757,5.004,3.469,4.755
401,2011,152,1015,1.5332,1664.6,4.4,6.629,4.9,3.389,4.51
401,2011,152,1030,1.6068,1707.7,4.351,6.566,4.853,3.393,4.322
401,2011,152,1045,1.6825,1750.8,4.305,6.497,4.807,3.248,4.173
401,2011,152,1100,1.7603,1793.9,4.225,6.399,4.729,3.18,4.067
401,2011,152,1115,1.8401,1837,4.152,6.359,4.693,3.151,3.999
401,2011,152,1130,1.9399,1842,4.164,6.365,4.66,3.126,3.944
401,2011,152,1145,2.0423,1846.9,4.151,6.356,4.62,3.089,3.91
401,2011,152,1200,2.1473,1851.9,4.117,6.338,4.572,3.051,3.878
401,2011,152,1215,2.255,1856.9,4.122,6.34,4.535,3.035,3.855
401,2011,152,1230,2.3239,1850,4.083,6.306,4.49,3.002,3.843
401,2011,152,1245,2.3939,1843.2,4.09,6.305,4.465,3.006,3.842
401,2011,152,1300,2.465,1836.3,4.067,6.312,4.435,2.983,3.83
401,2011,152,1315,2.5372,1829.5,4.097,6.34,4.413,2.966,3.833
401,2011,152,1330,2.5623,1788.2,4.085,6.366,4.396,2.951,3.862
401,2011,152,1345,2.5876,1746.9,4.068,6.371,4.374,2.968,3.871
401,2011,152,1400,2.613,1705.7,4.083,6.383,4.349,2.95,3.855
401,2011,152,1415,2.6386,1664.4,4.09,6.365,4.328,2.927,3.851
401,2011,152,1430,2.6859,1602.9,4.055,6.378,4.314,2.908,3.879
401,2011,152,1445,2.7336,1541.3,4.073,6.394,4.307,2.895,3.864
401,2011,152,1500,2.7817,1479.8,4.076,6.398,4.305,2.886,3.872
401,2011,152,1515,2.8303,1418.2,4.092,6.4,4.321,2.878,3.873
401,2011,152,1530,2.9065,1336.7,4.073,6.395,4.335,2.871,3.892
401,2011,152,1545,2.9842,1255.3,4.099,6.409,4.364,2.88,3.891
401,2011,152,1600,3.0634,1173.8,4.09,6.383,4.385,2.883,3.894
401,2011,152,1615,3.1441,1092.3,4.107,6.402,4.419,2.901,3.918
401,2011,152,1630,2.9364,999.9,4.117,6.422,4.453,2.917,3.943
401,2011,152,1645,2.7339,907.51,4.102,6.395,4.479,2.936,3.97
401,2011,152,1700,2.5366,815.13,4.141,6.472,4.544,2.986,4.002
401,2011,152,1715,2.3444,722.75,4.183,6.55,4.6,3.03,4.053
401,2011,152,1730,2.1021,608.91,4.244,6.637,4.684,3.089,4.106
401,2011,152,1745,1.8777,495.07,4.327,6.768,4.832,3.112,4.181
401,2011,152,1800,1.6702,381.23,4.399,6.881,4.94,3.179,4.263
401,2011,152,1815,1.4784,267.39,4.516,7.02,5.148,3.316,4.384
401,2011,152,1830,1.327,208.54,4.612,7.13,5.295,3.421,4.493
401,2011,152,1845,1.1859,149.69,4.702,7.22,5.436,3.537,4.633
401,2011,152,1900,1.0546,90.836,4.774,7.3,5.571,3.627,4.783
401,2011,152,1915,0.93251,31.986,4.88,7.39,5.732,3.753,4.958
401,2011,152,1930,0.87537,23.99,4.975,7.48,5.995,3.941,5.148
401,2011,152,1945,0.82032,15.993,5.043,7.56,6.173,4.093,5.293
401,2011,152,2000,0.76727,7.9965,5.101,7.62,6.353,4.265,5.414
401,2011,152,2015,0.71619,0,5.15,7.67,6.517,4.447,5.514
401,2011,152,2030,0.67709,0,5.189,7.72,6.638,4.596,5.589
401,2011,152,2045,0.63884,0,5.222,7.76,6.727,4.76,5.647
401,2011,152,2100,0.60142,0,5.247,7.79,6.792,4.906,5.698
401,2011,152,2115,0.56484,0,5.269,7.81,6.843,4.986,5.742
401,2011,152,2130,0.52589,0,5.29,7.83,6.883,5.051,5.777
401,2011,152,2145,0.48794,0,5.306,7.85,6.914,5.103,5.804
401,2011,152,2200,0.45098,0,5.32,7.86,6.939,5.152,5.827
401,2011,152,2215,0.41499,0,5.333,7.87,6.959,5.196,5.845
401,2011,152,2230,0.41628,0,5.344,7.88,6.979,5.23,5.861
401,2011,152,2245,0.41756,0,5.352,7.89,6.996,5.265,5.875
401,2011,152,2300,0.41885,0,5.362,7.9,7.01,5.292,5.886
401,2011,152,2315,0.42013,0,5.371,7.91,7.02,5.316,5.894
401,2011,152,2330,0.37646,0,5.377,7.91,7.03,5.331,5.905
401,2011,152,2345,0.33426,0,5.386,7.91,7.04,5.356,5.928
401,2011,152,2400,0.29349,0,5.397,7.9,7.05,5.381,5.934
401,2011,153,15,0.25413,0,5.406,7.9,7.06,5.404,5.936
401,2011,153,30,0.25037,0,5.414,7.9,7.07,5.425,5.949
401,2011,153,45,0.24663,0,5.424,7.9,7.07,5.443,5.95
401,2011,153,100,0.24291,0,5.428,7.91,7.08,5.458,5.946
401,2011,153,115,0.23922,0,5.431,7.91,7.08,5.469,5.942
401,2011,153,130,0.21875,0,5.433,7.91,7.08,5.481,5.944
401,2011,153,145,0.19871,0,5.439,7.91,7.08,5.492,5.947
401,2011,153,200,0.17908,0,5.447,7.91,7.09,5.5,5.956
401,2011,153,215,0.15987,0,5.456,7.91,7.09,5.509,5.962
401,2011,153,230,0.1515,0,5.459,7.91,7.09,5.514,5.96
401,2011,153,245,0.14323,0,5.465,7.91,7.09,5.521,5.957
401,2011,153,300,0.13507,0,5.469,7.91,7.09,5.526,5.955
401,2011,153,315,0.127,0,5.478,7.9,7.1,5.53,5.961
401,2011,153,330,0.12392,0,5.484,7.91,7.1,5.536,5.968
401,2011,153,345,0.12085,0,5.491,7.9,7.11,5.541,5.976
401,2011,153,400,0.11779,0,5.503,7.9,7.11,5.546,5.975
401,2011,153,415,0.11475,0,5.504,7.9,7.11,5.549,5.973
401,2011,153,430,0.10777,8.8513,5.506,7.91,7.11,5.555,5.97
401,2011,153,445,0.10089,17.703,5.506,7.91,7.11,5.56,5.966
401,2011,153,500,0.094092,26.554,5.516,7.91,7.11,5.565,5.967
401,2011,153,515,0.087378,35.405,5.52,7.91,7.12,5.568,5.973
401,2011,153,530,0.11123,86.693,5.523,7.91,7.12,5.571,5.981
401,2011,153,545,0.13607,137.98,5.523,7.91,7.12,5.574,5.977
401,2011,153,600,0.1619,189.27,5.522,7.9,7.11,5.576,5.974
401,2011,153,615,0.18877,240.56,5.525,7.91,7.11,5.577,5.968
401,2011,153,630,0.22159,334.5,5.522,7.91,7.1,5.575,5.96
401,2011,153,645,0.25589,428.45,5.52,7.9,7.1,5.573,5.949
401,2011,153,700,0.29171,522.39,5.522,7.9,7.09,5.57,5.941
401,2011,153,715,0.32911,616.34,5.522,7.91,7.09,5.566,5.929
401,2011,153,730,0.39329,709,5.518,7.92,7.09,5.552,5.915
401,2011,153,745,0.46143,801.66,5.504,7.88,7.08,5.494,5.903
401,2011,153,800,0.53371,894.32,5.454,7.8,7.01,5.333,5.891
401,2011,153,815,0.6103,986.97,5.342,7.66,6.738,4.946,5.868
401,2011,153,830,0.71147,1067.8,5.205,7.52,6.308,4.537,5.831
401,2011,153,845,0.81979,1148.6,5.068,7.39,5.951,4.25,5.75
401,2011,153,900,0.93564,1229.4,4.927,7.24,5.665,4.025,5.589
401,2011,153,915,1.0594,1310.3,4.795,7.09,5.434,3.844,5.36
401,2011,153,930,1.1333,1401.1,4.655,6.961,5.248,3.703,5.098
401,2011,153,945,1.2101,1492,4.581,6.872,5.179,3.632,4.9
401,2011,153,1000,1.29,1582.8,4.497,6.764,5.065,3.536,4.69
401,2011,153,1015,1.3731,1673.7,4.424,6.654,4.96,3.461,4.477
401,2011,153,1030,1.4525,1692.4,4.333,6.555,4.87,3.398,4.292
401,2011,153,1045,1.5343,1711.2,4.255,6.474,4.801,3.354,4.141
401,2011,153,1100,1.6184,1729.9,4.212,6.408,4.748,3.319,4.048
401,2011,153,1115,1.7051,1748.7,4.172,6.363,4.701,3.276,3.997
401,2011,153,1130,1.7583,1696.5,4.138,6.342,4.671,3.246,3.962
401,2011,153,1145,1.8125,1644.4,4.159,6.384,4.655,3.221,3.954
401,2011,153,1200,1.8677,1592.3,4.116,6.337,4.611,3.181,3.916
401,2011,153,1215,1.924,1540.1,4.156,6.398,4.601,3.167,3.92
401,2011,153,1230,1.7733,1273.4,4.138,6.361,4.584,3.137,3.914
401,2011,153,1245,1.6295,1006.8,4.317,6.615,4.688,3.199,4.029
401,2011,153,1300,1.4923,740.09,4.113,6.322,4.522,3.082,3.906
401,2011,153,1315,1.3616,473.42,4.255,6.538,4.641,3.149,3.998
401,2011,153,1330,1.0818,587.89,4.431,6.769,4.758,3.221,4.157
401,2011,153,1345,0.83363,702.37,4.601,6.949,4.997,3.369,4.337
401,2011,153,1400,0.61426,816.84,4.828,7.23,5.632,3.767,4.677
401,2011,153,1415,0.42125,931.31,4.962,7.41,6.052,4.071,4.954
401,2011,153,1430,0.55012,1018.5,5.067,7.54,6.325,4.306,5.203
401,2011,153,1445,0.69784,1105.6,5.029,7.53,6.198,4.221,5.276
401,2011,153,1500,0.86639,1192.8,4.855,7.4,5.697,3.946,5.13
401,2011,153,1515,1.0579,1279.9,4.743,7.27,5.443,3.783,4.988
401,2011,153,1530,1.1797,1261.1,4.586,7.11,5.165,3.585,4.732
401,2011,153,1545,1.3,1242.2,4.517,7.01,5.117,3.546,4.612
401,2011,153,1600,1.4187,1223.3,4.343,6.803,4.885,3.358,4.358
401,2011,153,1615,1.5358,1204.5,4.203,6.576,4.72,3.238,4.194
401,2011,153,1630,1.424,1087.9,4.152,6.477,4.719,3.22,4.108
401,2011,153,1645,1.3183,971.35,4.33,6.719,4.848,3.294,4.245
401,2011,153,1700,1.2183,854.78,4.296,6.746,4.869,3.309,4.384
401,2011,153,1715,1.1238,738.22,4.288,6.729,4.909,3.335,4.385
401,2011,153,1730,1.0301,610.41,4.355,6.812,5.021,3.409,4.398
401,2011,153,1745,0.93845,482.6,4.526,7.03,5.187,3.511,4.537
401,2011,153,1800,0.84892,354.79,4.558,7.12,5.316,3.592,4.64
401,2011,153,1815,0.76145,226.98,4.652,7.22,5.498,3.721,4.745
401,2011,153,1830,0.63135,177.5,4.766,7.31,5.689,3.855,4.873
401,2011,153,1845,0.50877,128.01,4.917,7.43,5.939,4.048,5.084
401,2011,153,1900,0.39342,78.53,5.027,7.52,6.256,4.293,5.293
401,2011,153,1915,0.28498,29.047,5.099,7.58,6.457,4.478,5.435
401,2011,153,1930,0.26812,21.785,5.155,7.63,6.62,4.66,5.545
401,2011,153,1945,0.25174,14.523,5.2,7.66,6.748,4.829,5.625
401,2011,153,2000,0.23585,7.2617,5.235,7.69,6.832,4.964,5.68
401,2011,153,2015,0.22044,0,5.262,7.71,6.883,5.07,5.722
401,2011,153,2030,0.20239,0,5.284,7.73,6.918,5.15,5.754
401,2011,153,2045,0.18489,0,5.302,7.75,6.943,5.208,5.776
401,2011,153,2100,0.16791,0,5.315,7.76,6.963,5.252,5.794
401,2011,153,2115,0.15146,0,5.329,7.78,6.979,5.291,5.81
401,2011,153,2130,0.147,0,5.341,7.79,6.995,5.324,5.835
401,2011,153,2145,0.14264,0,5.353,7.8,7.01,5.351,5.849
401,2011,153,2200,0.13836,0,5.364,7.81,7.02,5.375,5.859
401,2011,153,2215,0.13417,0,5.376,7.82,7.03,5.396,5.867
401,2011,153,2230,0.12782,0,5.385,7.83,7.04,5.416,5.875
401,2011,153,2245,0.12154,0,5.394,7.84,7.05,5.433,5.885
401,2011,153,2300,0.11532,0,5.404,7.85,7.06,5.448,5.893
401,2011,153,2315,0.10918,0,5.414,7.85,7.07,5.46,5.9
401,2011,153,2330,0.10256,0,5.422,7.86,7.08,5.475,5.909
401,2011,153,2345,0.096097,0,5.435,7.87,7.09,5.492,5.916
401,2011,153,2400,0.089785,0,5.446,7.88,7.1,5.505,5.928
401,2011,154,15,0.083621,0,5.462,7.89,7.12,5.518,5.936
401,2011,154,30,0.086469,0,5.474,7.89,7.12,5.53,5.943
401,2011,154,45,0.089295,0,5.489,7.9,7.13,5.536,5.94
401,2011,154,100,0.092101,0,5.501,7.91,7.13,5.541,5.939
401,2011,154,115,0.094887,0,5.514,7.92,7.13,5.544,5.936
401,2011,154,130,0.090524,0,5.521,7.92,7.13,5.549,5.944
401,2011,154,145,0.086218,0,5.527,7.92,7.14,5.554,5.955
401,2011,154,200,0.081967,0,5.537,7.92,7.14,5.56,5.955
401,2011,154,215,0.077772,0,5.542,7.94,7.14,5.565,5.954
401,2011,154,230,0.075399,0,5.552,7.94,7.15,5.571,5.954
401,2011,154,245,0.073038,0,5.558,7.95,7.15,5.577,5.955
401,2011,154,300,0.070688,0,5.561,7.95,7.15,5.581,5.956
401,2011,154,315,0.06835,0,5.562,7.95,7.15,5.584,5.951
401,2011,154,330,0.068125,0,5.564,7.95,7.15,5.587,5.955
401,2011,154,345,0.067899,0,5.57,7.94,7.14,5.589,5.953
401,2011,154,400,0.067674,0,5.575,7.95,7.14,5.59,5.948
401,2011,154,415,0.067449,0,5.583,7.95,7.14,5.591,5.943
401,2011,154,430,0.066945,4.8508,5.593,7.95,7.13,5.592,5.938
401,2011,154,445,0.06644,9.7017,5.593,7.95,7.13,5.59,5.94
401,2011,154,500,0.065933,14.553,5.595,7.95,7.13,5.591,5.939
401,2011,154,515,0.065425,19.403,5.595,7.95,7.12,5.59,5.932
401,2011,154,530,0.068106,45.462,5.59,7.94,7.12,5.588,5.928
401,2011,154,545,0.070802,71.521,5.588,7.95,7.12,5.586,5.923
401,2011,154,600,0.073511,97.579,5.592,7.95,7.11,5.581,5.912
401,2011,154,615,0.076234,123.64,5.591,7.95,7.1,5.577,5.907
401,2011,154,630,0.095199,195.43,5.585,7.94,7.1,5.575,5.912
401,2011,154,645,0.11518,267.22,5.578,7.93,7.1,5.571,5.908
401,2011,154,700,0.13622,339.01,5.574,7.93,7.09,5.565,5.898
401,2011,154,715,0.15835,410.8,5.568,7.92,7.08,5.561,5.886
401,2011,154,730,0.20449,567.27,5.558,7.92,7.07,5.556,5.872
401,2011,154,745,0.25326,723.73,5.544,7.93,7.07,5.555,5.857
401,2011,154,800,0.30479,880.2,5.539,7.93,7.07,5.546,5.845
401,2011,154,815,0.35916,1036.7,5.547,7.93,7.07,5.513,5.839
401,2011,154,830,0.44414,1108.2,5.545,7.91,6.975,5.309,5.832
401,2011,154,845,0.53605,1179.8,5.496,7.83,6.718,4.95,5.824
401,2011,154,900,0.63526,1251.3,5.343,7.64,6.051,4.364,5.793
401,2011,154,915,0.74221,1322.9,5.149,7.44,5.598,4.039,5.685
401,2011,154,930,0.84615,1413.7,4.972,7.28,5.407,3.869,5.497
401,2011,154,945,0.95594,1504.5,4.839,7.16,5.303,3.748,5.31
401,2011,154,1000,1.0718,1595.3,4.642,6.941,5.088,3.587,4.988
401,2011,154,1015,1.194,1686.2,4.502,6.781,4.991,3.519,4.697
401,2011,154,1030,1.3087,1726.6,4.412,6.666,4.914,3.458,4.464
401,2011,154,1045,1.4264,1767,4.337,6.55,4.841,3.4,4.27
401,2011,154,1100,1.5472,1807.5,4.231,6.438,4.768,3.35,4.142
401,2011,154,1115,1.6712,1847.9,4.191,6.377,4.76,3.337,4.064
401,2011,154,1130,1.7294,1855.9,4.171,6.351,4.738,3.313,4.007
401,2011,154,1145,1.789,1863.9,4.165,6.359,4.727,3.292,3.953
401,2011,154,1200,1.8498,1871.9,4.177,6.386,4.705,3.262,3.932
401,2011,154,1215,1.912,1879.9,4.168,6.383,4.674,3.227,3.915
401,2011,154,1230,1.9761,1770.2,4.131,6.356,4.639,3.194,3.905
401,2011,154,1245,2.0414,1660.4,4.121,6.344,4.617,3.17,3.886
401,2011,154,1300,2.1079,1550.6,4.129,6.347,4.603,3.153,3.892
401,2011,154,1315,2.1757,1440.9,4.224,6.496,4.633,3.17,3.94
401,2011,154,1330,2.2047,1395.7,4.17,6.405,4.581,3.13,3.919
401,2011,154,1345,2.2339,1350.5,4.172,6.399,4.585,3.115,3.936
401,2011,154,1400,2.2631,1305.4,4.304,6.594,4.655,3.159,4.056
401,2011,154,1415,2.2925,1260.2,4.23,6.496,4.62,3.124,4.004
401,2011,154,1430,2.3369,1269.1,4.167,6.435,4.558,3.084,3.976
401,2011,154,1445,2.3817,1277.9,4.139,6.388,4.548,3.066,3.93
401,2011,154,1500,2.427,1286.8,4.194,6.489,4.588,3.087,3.965
401,2011,154,1515,2.4728,1295.7,4.21,6.507,4.599,3.089,3.962
401,2011,154,1530,2.4022,1186.4,4.148,6.452,4.574,3.07,3.937
401,2011,154,1545,2.3323,1077.2,4.149,6.439,4.577,3.061,3.929
401,2011,154,1600,2.2632,967.99,4.162,6.464,4.608,3.08,3.929
401,2011,154,1615,2.1948,858.77,4.178,6.471,4.633,3.083,3.945
401,2011,154,1630,1.9569,728.52,4.213,6.52,4.677,3.114,3.981
401,2011,154,1645,1.7324,598.27,4.246,6.554,4.728,3.149,4.014
401,2011,154,1700,1.521,468.02,4.414,6.789,4.857,3.226,4.15
401,2011,154,1715,1.3221,337.78,4.418,6.849,4.881,3.256,4.21
401,2011,154,1730,1.1639,299.96,4.599,7.05,5.063,3.377,4.356
401,2011,154,1745,1.0144,262.15,4.712,7.17,5.22,3.483,4.518
401,2011,154,1800,0.8732,224.34,4.774,7.24,5.383,3.598,4.643
401,2011,154,1815,0.73991,186.52,4.838,7.3,5.589,3.734,4.775
401,2011,154,1830,0.6786,147.16,4.874,7.34,5.699,3.808,4.886
401,2011,154,1845,0.62002,107.79,4.934,7.39,5.854,3.918,5.027
401,2011,154,1900,0.56408,68.421,5.005,7.45,6.095,4.096,5.188
401,2011,154,1915,0.51069,29.054,5.058,7.51,6.283,4.253,5.324
401,2011,154,1930,0.48778,21.791,5.105,7.56,6.444,4.41,5.434
401,2011,154,1945,0.46561,14.527,5.142,7.6,6.548,4.515,5.517
401,2011,154,2000,0.44415,7.2636,5.176,7.63,6.648,4.633,5.582
401,2011,154,2015,0.42338,0,5.209,7.67,6.743,4.765,5.64
401,2011,154,2030,0.39498,0,5.238,7.71,6.812,4.876,5.688
401,2011,154,2045,0.36741,0,5.263,7.73,6.86,4.959,5.725
401,2011,154,2100,0.34066,0,5.283,7.76,6.898,5.032,5.753
401,2011,154,2115,0.31472,0,5.3,7.78,6.93,5.099,5.781
401,2011,154,2130,0.30112,0,5.32,7.8,6.954,5.156,5.804
401,2011,154,2145,0.28784,0,5.336,7.81,6.976,5.205,5.83
401,2011,154,2200,0.27486,0,5.353,7.82,6.995,5.248,5.848
401,2011,154,2215,0.26219,0,5.366,7.83,7.01,5.282,5.858
401,2011,154,2230,0.25889,0,5.379,7.84,7.02,5.312,5.866
401,2011,154,2245,0.25562,0,5.392,7.85,7.03,5.342,5.874
401,2011,154,2300,0.25236,0,5.406,7.86,7.04,5.366,5.883
401,2011,154,2315,0.24912,0,5.419,7.87,7.05,5.388,5.89
401,2011,154,2330,0.22578,0,5.433,7.87,7.06,5.406,5.894
401,2011,154,2345,0.20316,0,5.443,7.88,7.07,5.426,5.9
401,2011,154,2400,0.18124,0,5.456,7.89,7.07,5.445,5.906
401,2011,155,15,0.16,0,5.471,7.89,7.08,5.462,5.92
401,2011,155,30,0.15433,0,5.483,7.9,7.09,5.479,5.94
401,2011,155,45,0.14873,0,5.492,7.9,7.1,5.496,5.94
401,2011,155,100,0.1432,0,5.499,7.9,7.1,5.511,5.94
401,2011,155,115,0.13775,0,5.509,7.91,7.1,5.524,5.94
401,2011,155,130,0.12932,0,5.522,7.92,7.11,5.537,5.941
401,2011,155,145,0.12102,0,5.537,7.93,7.11,5.546,5.944
401,2011,155,200,0.11287,0,5.55,7.94,7.12,5.556,5.953
401,2011,155,215,0.10486,0,5.555,7.94,7.12,5.565,5.952
401,2011,155,230,0.10076,0,5.56,7.94,7.12,5.572,5.955
401,2011,155,245,0.096691,0,5.566,7.94,7.13,5.58,5.965
401,2011,155,300,0.092668,0,5.577,7.95,7.14,5.587,5.971
401,2011,155,315,0.088688,0,5.59,7.96,7.14,5.591,5.972
401,2011,155,330,0.086816,0,5.591,7.96,7.14,5.596,5.976
401,2011,155,345,0.084959,0,5.591,7.97,7.14,5.599,5.969
401,2011,155,400,0.083117,0,5.6,7.97,7.13,5.602,5.961
401,2011,155,415,0.081289,0,5.605,7.99,7.13,5.605,5.955
401,2011,155,430,0.077116,7.7239,5.607,7.99,7.13,5.608,5.949
401,2011,155,445,0.072992,15.448,5.602,7.99,7.13,5.612,5.96
401,2011,155,500,0.068915,23.172,5.605,7.99,7.14,5.616,5.971
401,2011,155,515,0.064885,30.896,5.61,7.99,7.14,5.622,5.975
401,2011,155,530,0.090338,92.232,5.617,7.99,7.14,5.625,5.968
401,2011,155,545,0.11692,153.57,5.623,8,7.14,5.627,5.962
401,2011,155,600,0.14466,214.9,5.626,8,7.14,5.629,5.965
401,2011,155,615,0.17359,276.24,5.626,8,7.14,5.631,5.969
401,2011,155,630,0.17977,361.48,5.632,8,7.14,5.629,5.968
401,2011,155,645,0.18608,446.73,5.645,7.99,7.13,5.627,5.959
401,2011,155,700,0.19252,531.97,5.656,7.99,7.13,5.62,5.946
401,2011,155,715,0.19909,617.21,5.655,8,7.12,5.615,5.929
401,2011,155,730,0.23133,717.38,5.661,8.02,7.12,5.608,5.911
401,2011,155,745,0.26524,817.54,5.663,8.02,7.12,5.594,5.897
401,2011,155,800,0.30088,917.7,5.655,7.99,7.12,5.557,5.895
401,2011,155,815,0.33833,1017.9,5.628,7.93,7.11,5.459,5.887
401,2011,155,830,0.44309,1105.4,5.579,7.84,6.968,5.166,5.875
401,2011,155,845,0.55802,1193,5.452,7.73,6.581,4.712,5.861
401,2011,155,900,0.68382,1280.6,5.282,7.59,6.097,4.341,5.829
401,2011,155,915,0.8212,1368.1,5.083,7.41,5.695,4.061,5.732
401,2011,155,930,0.90107,1443.6,4.886,7.23,5.461,3.87,5.521
401,2011,155,945,0.98539,1519.1,4.747,7.09,5.356,3.759,5.268
401,2011,155,1000,1.0744,1594.6,4.642,6.967,5.26,3.667,5.009
401,2011,155,1015,1.1682,1670.1,4.531,6.818,5.108,3.569,4.751
401,2011,155,1030,1.2606,1719.5,4.457,6.711,5.053,3.522,4.525
401,2011,155,1045,1.357,1768.9,4.389,6.614,4.964,3.462,4.327
401,2011,155,1100,1.4573,1818.3,4.3,6.517,4.878,3.413,4.168
401,2011,155,1115,1.5618,1867.8,4.241,6.463,4.824,3.379,4.072
401,2011,155,1130,1.6966,1881.7,4.22,6.436,4.783,3.345,4.007
401,2011,155,1145,1.8353,1895.6,4.198,6.381,4.739,3.302,3.969
401,2011,155,1200,1.9781,1909.5,4.148,6.32,4.694,3.254,3.925
401,2011,155,1215,2.125,1923.4,4.163,6.342,4.688,3.232,3.916
401,2011,155,1230,2.214,1893.4,4.135,6.302,4.649,3.19,3.886
401,2011,155,1245,2.3052,1863.4,4.118,6.282,4.63,3.161,3.876
401,2011,155,1300,2.3986,1833.3,4.126,6.298,4.614,3.144,3.87
401,2011,155,1315,2.4944,1803.3,4.137,6.323,4.597,3.127,3.864
401,2011,155,1330,2.5497,1753.6,4.158,6.347,4.584,3.108,3.877
401,2011,155,1345,2.6058,1703.8,4.171,6.347,4.559,3.085,3.878
401,2011,155,1400,2.6627,1654,4.155,6.337,4.524,3.06,3.868
401,2011,155,1415,2.7206,1604.2,4.133,6.329,4.509,3.043,3.864
401,2011,155,1430,2.7095,1556.3,4.179,6.394,4.513,3.04,3.885
401,2011,155,1445,2.6983,1508.5,4.176,6.391,4.491,3.014,3.882
401,2011,155,1500,2.687,1460.6,4.152,6.37,4.47,2.997,3.86
401,2011,155,1515,2.6756,1412.7,4.131,6.367,4.475,2.99,3.858
401,2011,155,1530,2.6073,1316.8,4.146,6.364,4.484,2.986,3.869
401,2011,155,1545,2.5402,1220.9,4.14,6.335,4.492,2.979,3.883
401,2011,155,1600,2.4743,1125,4.18,6.394,4.532,2.989,3.917
401,2011,155,1615,2.4096,1029.1,4.137,6.33,4.529,2.977,3.896
401,2011,155,1630,2.3815,936.09,4.221,6.446,4.6,3.026,3.932
401,2011,155,1645,2.3533,843.06,4.197,6.442,4.63,3.053,3.962
401,2011,155,1700,2.3249,750.02,4.213,6.48,4.683,3.09,3.993
401,2011,155,1715,2.2964,656.99,4.253,6.558,4.766,3.145,4.042
401,2011,155,1730,2.0733,560.18,4.281,6.586,4.808,3.174,4.08
401,2011,155,1745,1.8634,463.36,4.326,6.688,4.913,3.24,4.145
401,2011,155,1800,1.6661,366.55,4.421,6.852,5.095,3.351,4.254
401,2011,155,1815,1.481,269.73,4.5,6.964,5.219,3.434,4.359
401,2011,155,1830,1.3004,209.98,4.589,7.07,5.429,3.567,4.503
401,2011,155,1845,1.1341,150.22,4.668,7.15,5.515,3.644,4.618
401,2011,155,1900,0.98119,90.459,4.766,7.25,5.712,3.779,4.775
401,2011,155,1915,0.84078,30.701,4.877,7.36,5.923,3.933,4.97
401,2011,155,1930,0.80164,23.026,4.978,7.46,6.163,4.119,5.16
401,2011,155,1945,0.76386,15.351,5.053,7.54,6.371,4.304,5.311
401,2011,155,2000,0.72738,7.6753,5.11,7.6,6.539,4.483,5.427
401,2011,155,2015,0.69219,0,5.156,7.65,6.664,4.634,5.517
401,2011,155,2030,0.66039,0,5.192,7.7,6.754,4.759,5.588
401,2011,155,2045,0.62937,0,5.221,7.73,6.819,4.855,5.641
401,2011,155,2100,0.59912,0,5.245,7.76,6.867,4.934,5.685
401,2011,155,2115,0.56961,0,5.269,7.79,6.904,5,5.723
401,2011,155,2130,0.52101,0,5.29,7.81,6.936,5.061,5.757
401,2011,155,2145,0.47392,0,5.305,7.82,6.96,5.11,5.784
401,2011,155,2200,0.4283,0,5.322,7.83,6.983,5.163,5.81
401,2011,155,2215,0.38413,0,5.336,7.84,6.999,5.205,5.829
401,2011,155,2230,0.37132,0,5.351,7.86,7.01,5.242,5.844
401,2011,155,2245,0.35863,0,5.365,7.86,7.03,5.275,5.854
401,2011,155,2300,0.34607,0,5.372,7.86,7.03,5.306,5.862
401,2011,155,2315,0.33363,0,5.38,7.86,7.04,5.332,5.872
401,2011,155,2330,0.30808,0,5.396,7.86,7.05,5.36,5.885
401,2011,155,2345,0.28324,0,5.411,7.86,7.06,5.382,5.903
401,2011,155,2400,0.25911,0,5.427,7.87,7.08,5.404,5.907
401,2011,156,15,0.23567,0,5.437,7.89,7.08,5.425,5.91
401,2011,156,30,0.22406,0,5.446,7.9,7.09,5.445,5.912
401,2011,156,45,0.21266,0,5.458,7.91,7.09,5.464,5.916
401,2011,156,100,0.20149,0,5.467,7.91,7.1,5.478,5.918
401,2011,156,115,0.19054,0,5.475,7.92,7.1,5.498,5.921
401,2011,156,130,0.17198,0,5.482,7.92,7.1,5.513,5.923
401,2011,156,145,0.15399,0,5.493,7.93,7.11,5.526,5.94
401,2011,156,200,0.13654,0,5.507,7.93,7.11,5.539,5.947
401,2011,156,215,0.11963,0,5.514,7.93,7.13,5.55,5.961
401,2011,156,230,0.12163,0,5.518,7.93,7.14,5.562,5.97
401,2011,156,245,0.1236,0,5.532,7.94,7.14,5.573,5.975
401,2011,156,300,0.12555,0,5.542,7.95,7.14,5.577,5.975
401,2011,156,315,0.12748,0,5.555,7.96,7.14,5.582,5.974
401,2011,156,330,0.12696,0,5.569,7.97,7.15,5.589,5.977
401,2011,156,345,0.12645,0,5.576,7.98,7.15,5.593,5.969
401,2011,156,400,0.12593,0,5.576,7.99,7.15,5.598,5.967
401,2011,156,415,0.12542,0,5.581,8,7.15,5.603,5.966
401,2011,156,430,0.11841,8.0239,5.584,7.99,7.15,5.611,5.968
401,2011,156,445,0.11149,16.048,5.595,7.99,7.15,5.619,5.968
401,2011,156,500,0.10467,24.072,5.6,7.99,7.15,5.627,5.966
401,2011,156,515,0.097945,32.095,5.602,7.99,7.16,5.634,5.97
401,2011,156,530,0.11224,81.229,5.6,7.98,7.17,5.641,5.979
401,2011,156,545,0.12696,130.36,5.606,7.97,7.17,5.648,5.994
401,2011,156,600,0.1421,179.5,5.615,7.97,7.17,5.652,6
401,2011,156,615,0.15768,228.63,5.619,7.97,7.17,5.655,6
401,2011,156,630,0.20084,311.68,5.63,7.98,7.17,5.655,5.996
401,2011,156,645,0.24684,394.74,5.635,7.98,7.17,5.654,5.984
401,2011,156,700,0.29581,477.79,5.643,7.99,7.17,5.649,5.967
401,2011,156,715,0.34788,560.85,5.653,8,7.17,5.641,5.956
401,2011,156,730,0.40848,658.26,5.657,8.01,7.17,5.61,5.939
401,2011,156,745,0.47353,755.67,5.626,8,7.15,5.501,5.922
401,2011,156,800,0.54326,853.08,5.535,7.92,7.03,5.201,5.908
401,2011,156,815,0.61792,950.49,5.401,7.79,6.741,4.832,5.89
401,2011,156,830,0.67832,1038.2,5.237,7.62,6.309,4.472,5.841
401,2011,156,845,0.74216,1125.9,5.07,7.45,5.978,4.251,5.744
401,2011,156,900,0.80958,1213.6,4.944,7.33,5.809,4.098,5.619
401,2011,156,915,0.88074,1301.3,4.83,7.21,5.63,3.945,5.445
401,2011,156,930,1.0143,1373.1,4.726,7.09,5.478,3.819,5.262
401,2011,156,945,1.1596,1444.8,4.646,6.993,5.372,3.731,5.052
401,2011,156,1000,1.3174,1516.6,4.539,6.857,5.216,3.627,4.796
401,2011,156,1015,1.4887,1588.4,4.446,6.717,5.097,3.544,4.562
401,2011,156,1030,1.6305,1640.3,4.376,6.617,5.011,3.48,4.357
401,2011,156,1045,1.7783,1692.1,4.296,6.492,4.903,3.406,4.179
401,2011,156,1100,1.9321,1744,4.199,6.334,4.802,3.327,4.048
401,2011,156,1115,2.0921,1795.9,4.125,6.243,4.751,3.28,3.973
401,2011,156,1130,2.1708,1794.9,4.098,6.218,4.715,3.24,3.931
401,2011,156,1145,2.2504,1794,4.131,6.239,4.708,3.22,3.905
401,2011,156,1200,2.331,1793,4.11,6.231,4.665,3.179,3.88
401,2011,156,1215,2.4125,1792.1,4.115,6.218,4.633,3.15,3.852
401,2011,156,1230,2.4513,1772.4,4.136,6.232,4.608,3.124,3.839
401,2011,156,1245,2.4905,1752.7,4.126,6.228,4.574,3.099,3.837
401,2011,156,1300,2.5303,1732.9,4.122,6.23,4.552,3.085,3.831
401,2011,156,1315,2.5705,1713.2,4.185,6.326,4.565,3.088,3.847
401,2011,156,1330,2.6512,1692.5,4.155,6.278,4.528,3.061,3.853
401,2011,156,1345,2.7334,1671.9,4.135,6.248,4.504,3.036,3.87
401,2011,156,1400,2.817,1651.2,4.136,6.258,4.484,3.011,3.879
401,2011,156,1415,2.9021,1630.5,4.12,6.246,4.461,2.987,3.875
401,2011,156,1430,2.9158,1562.6,4.087,6.239,4.442,2.974,3.877
401,2011,156,1445,2.9296,1494.7,4.103,6.239,4.433,2.961,3.863
401,2011,156,1500,2.9434,1426.9,4.129,6.273,4.443,2.954,3.881
401,2011,156,1515,2.9572,1359,4.139,6.292,4.453,2.94,3.879
401,2011,156,1530,2.786,1137.1,4.113,6.292,4.456,2.937,3.88
401,2011,156,1545,2.6214,915.17,4.134,6.305,4.474,2.944,3.877
401,2011,156,1600,2.4632,693.25,4.133,6.296,4.49,2.944,3.885
401,2011,156,1615,2.3111,471.32,4.222,6.402,4.551,2.98,3.935
401,2011,156,1630,2.2037,389.04,4.468,6.705,4.705,3.067,4.084
401,2011,156,1645,2.0999,306.76,4.564,6.856,4.84,3.16,4.216
401,2011,156,1700,1.9996,224.47,4.587,6.909,4.895,3.205,4.282
401,2011,156,1715,1.9028,142.19,4.646,6.995,5.019,3.287,4.393
401,2011,156,1730,1.8907,118.99,4.723,7.1,5.199,3.408,4.555
401,2011,156,1745,1.8787,95.782,4.78,7.18,5.329,3.502,4.697
401,2011,156,1800,1.8668,72.577,4.836,7.25,5.493,3.612,4.83
401,2011,156,1815,1.8549,49.373,4.885,7.32,5.663,3.723,4.945
401,2011,156,1830,1.726,38.868,4.93,7.36,5.8,3.815,4.988
401,2011,156,1845,1.6025,28.362,4.97,7.41,5.927,3.91,5.069
401,2011,156,1900,1.4842,17.857,5.018,7.46,6.098,4.042,5.184
401,2011,156,1915,1.3709,7.3519,5.062,7.5,6.276,4.194,5.277
401,2011,156,1930,1.324,5.5139,5.103,7.53,6.431,4.332,5.353
401,2011,156,1945,1.278,3.6759,5.139,7.56,6.558,4.462,5.425
401,2011,156,2000,1.2329,1.838,5.164,7.59,6.643,4.576,5.464
401,2011,156,2015,1.1886,0,5.179,7.61,6.706,4.663,5.504
401,2011,156,2030,1.0989,0,5.193,7.63,6.753,4.729,5.539
401,2011,156,2045,1.0129,0,5.202,7.64,6.784,4.785,5.562
401,2011,156,2100,0.93041,0,5.212,7.65,6.81,4.816,5.581
401,2011,156,2115,0.85142,0,5.228,7.65,6.836,4.838,5.614
401,2011,156,2130,0.74958,0,5.251,7.66,6.865,4.881,5.642
401,2011,156,2145,0.65385,0,5.269,7.68,6.887,4.922,5.664
401,2011,156,2200,0.56396,0,5.281,7.69,6.911,4.968,5.693
401,2011,156,2215,0.47965,0,5.289,7.71,6.93,5.011,5.718
401,2011,156,2230,0.46794,0,5.303,7.71,6.952,5.059,5.74
401,2011,156,2245,0.45637,0,5.314,7.72,6.971,5.103,5.762
401,2011,156,2300,0.44492,0,5.325,7.74,6.988,5.145,5.777
401,2011,156,2315,0.43359,0,5.335,7.76,7,5.183,5.796
401,2011,156,2330,0.39524,0,5.347,7.77,7.02,5.217,5.81
401,2011,156,2345,0.35812,0,5.358,7.78,7.03,5.251,5.821
401,2011,156,2400,0.32223,0,5.367,7.79,7.04,5.282,5.831
401,2011,157,15,0.28752,0,5.375,7.8,7.04,5.307,5.839
401,2011,157,30,0.27123,0,5.387,7.8,7.05,5.332,5.859
401,2011,157,45,0.25524,0,5.4,7.81,7.07,5.361,5.873
401,2011,157,100,0.23952,0,5.407,7.81,7.07,5.386,5.877
401,2011,157,115,0.22408,0,5.416,7.82,7.08,5.411,5.88
401,2011,157,130,0.2039,0,5.429,7.82,7.08,5.433,5.883
401,2011,157,145,0.1842,0,5.437,7.83,7.09,5.449,5.889
401,2011,157,200,0.16496,0,5.446,7.84,7.09,5.465,5.895
401,2011,157,215,0.14618,0,5.46,7.85,7.1,5.481,5.9
401,2011,157,230,0.13592,0,5.466,7.84,7.1,5.494,5.905
401,2011,157,245,0.12581,0,5.471,7.85,7.1,5.508,5.907
401,2011,157,300,0.11586,0,5.483,7.84,7.1,5.522,5.907
401,2011,157,315,0.10605,0,5.489,7.82,7.11,5.531,5.917
401,2011,157,330,0.10247,0,5.492,7.81,7.11,5.542,5.918
401,2011,157,345,0.098917,0,5.49,7.82,7.12,5.551,5.917
401,2011,157,400,0.095391,0,5.503,7.82,7.12,5.558,5.921
401,2011,157,415,0.091892,0,5.507,7.83,7.12,5.565,5.926
401,2011,157,430,0.090076,8.9817,5.507,7.83,7.13,5.569,5.936
401,2011,157,445,0.088265,17.963,5.512,7.83,7.14,5.575,5.94
401,2011,157,500,0.08646,26.945,5.519,7.83,7.13,5.58,5.935
401,2011,157,515,0.084659,35.927,5.522,7.84,7.13,5.583,5.929
401,2011,157,530,0.096798,92.101,5.525,7.84,7.13,5.586,5.926
401,2011,157,545,0.10923,148.28,5.533,7.85,7.13,5.587,5.926
401,2011,157,600,0.12196,204.45,5.544,7.85,7.13,5.59,5.93
401,2011,157,615,0.135,260.63,5.549,7.85,7.13,5.592,5.93
401,2011,157,630,0.18748,359.18,5.557,7.85,7.14,5.594,5.925
401,2011,157,645,0.24434,457.73,5.559,7.85,7.14,5.594,5.922
401,2011,157,700,0.30584,556.28,5.559,7.85,7.14,5.59,5.908
401,2011,157,715,0.37224,654.84,5.555,7.86,7.13,5.583,5.89
401,2011,157,730,0.41888,754,5.544,7.87,7.13,5.557,5.872
401,2011,157,745,0.4679,853.16,5.522,7.83,7.12,5.467,5.856
401,2011,157,800,0.51941,952.32,5.453,7.74,7.01,5.183,5.843
401,2011,157,815,0.57347,1051.5,5.346,7.6,6.747,4.801,5.831
401,2011,157,830,0.65729,1136.3,5.219,7.47,6.384,4.488,5.808
401,2011,157,845,0.74634,1221.2,5.069,7.33,6.062,4.261,5.763
401,2011,157,900,0.84086,1306,4.955,7.22,5.875,4.115,5.683
401,2011,157,915,0.9411,1390.9,4.843,7.09,5.669,3.956,5.536
401,2011,157,930,1.0429,1470.7,4.735,6.977,5.489,3.813,5.357
401,2011,157,945,1.1489,1550.5,4.607,6.845,5.31,3.678,5.089
401,2011,157,1000,1.2593,1630.3,4.459,6.694,5.131,3.567,4.8
401,2011,157,1015,1.3741,1710.1,4.356,6.572,5.044,3.51,4.553
401,2011,157,1030,1.4295,1653.6,4.318,6.501,5.001,3.482,4.357
401,2011,157,1045,1.4861,1597.1,4.283,6.433,4.948,3.446,4.204
401,2011,157,1100,1.5438,1540.7,4.225,6.352,4.892,3.41,4.108
401,2011,157,1115,1.6028,1484.2,4.299,6.497,4.965,3.446,4.134
401,2011,157,1130,1.6061,1493.8,4.196,6.349,4.823,3.347,4.036
401,2011,157,1145,1.6094,1503.4,4.17,6.351,4.822,3.332,4.025
401,2011,157,1200,1.6127,1513,4.153,6.346,4.791,3.303,3.989
401,2011,157,1215,1.616,1522.6,4.318,6.563,4.933,3.38,4.088
401,2011,157,1230,1.6503,1612.9,4.266,6.503,4.832,3.305,4.062
401,2011,157,1245,1.6851,1703.3,4.173,6.397,4.774,3.264,4.002
401,2011,157,1300,1.7205,1793.6,4.09,6.262,4.678,3.21,3.922
401,2011,157,1315,1.7564,1883.9,4.093,6.272,4.653,3.189,3.911
401,2011,157,1330,1.6962,1685.5,4.078,6.238,4.616,3.159,3.909
401,2011,157,1345,1.6372,1487,4.088,6.249,4.591,3.139,3.895
401,2011,157,1400,1.5794,1288.6,4.151,6.291,4.608,3.137,3.921
401,2011,157,1415,1.5228,1090.1,4.3,6.525,4.708,3.188,4.032
401,2011,157,1430,1.2697,864.09,4.208,6.475,4.631,3.154,4.033
401,2011,157,1445,1.0396,638.08,4.165,6.38,4.598,3.129,3.984
401,2011,157,1500,0.83109,412.06,4.322,6.585,4.752,3.198,4.095
401,2011,157,1515,0.64252,186.05,4.483,6.831,4.97,3.309,4.278
401,2011,157,1530,0.61946,387.93,4.675,7.06,5.383,3.572,4.536
401,2011,157,1545,0.59658,589.81,4.925,7.31,6.081,4.033,4.904
401,2011,157,1600,0.5739,791.7,5.038,7.41,6.396,4.296,5.136
401,2011,157,1615,0.5514,993.58,5.054,7.45,6.494,4.403,5.259
401,2011,157,1630,0.60661,955.5,4.903,7.38,6.31,4.288,5.209
401,2011,157,1645,0.66498,917.42,4.785,7.31,6.162,4.189,5.144
401,2011,157,1700,0.72664,879.35,4.727,7.25,6.065,4.114,5.093
401,2011,157,1715,0.79174,841.27,4.692,7.21,6.006,4.039,5.069
401,2011,157,1730,0.71419,700.56,4.59,7.1,5.845,3.92,4.935
401,2011,157,1745,0.63918,559.85,4.543,7.03,5.727,3.838,4.811
401,2011,157,1800,0.56667,419.14,4.621,7.07,5.759,3.851,4.814
401,2011,157,1815,0.49658,278.43,4.781,7.19,6.039,4.039,4.998
401,2011,157,1830,0.41785,216.83,4.844,7.25,6.271,4.202,5.111
401,2011,157,1845,0.34471,155.23,4.9,7.3,6.405,4.318,5.211
401,2011,157,1900,0.27688,93.629,4.973,7.36,6.557,4.507,5.327
401,2011,157,1915,0.21408,32.03,5.043,7.43,6.674,4.665,5.446
401,2011,157,1930,0.1953,24.023,5.107,7.49,6.775,4.834,5.538
401,2011,157,1945,0.17713,16.015,5.158,7.53,6.845,4.977,5.605
401,2011,157,2000,0.15956,8.0076,5.195,7.57,6.887,5.072,5.653
401,2011,157,2015,0.14257,0,5.224,7.6,6.919,5.157,5.689
401,2011,157,2030,0.14073,0,5.244,7.63,6.939,5.22,5.716
401,2011,157,2045,0.13891,0,5.261,7.64,6.956,5.268,5.739
401,2011,157,2100,0.13712,0,5.278,7.66,6.971,5.306,5.757
401,2011,157,2115,0.13534,0,5.291,7.67,6.984,5.336,5.773
401,2011,157,2130,0.12623,0,5.305,7.68,6.996,5.363,5.785
401,2011,157,2145,0.11725,0,5.319,7.7,7.01,5.387,5.795
401,2011,157,2200,0.10841,0,5.33,7.71,7.01,5.407,5.801
401,2011,157,2215,0.099701,0,5.341,7.72,7.02,5.425,5.805
401,2011,157,2230,0.098613,0,5.35,7.73,7.02,5.44,5.809
401,2011,157,2245,0.097531,0,5.358,7.74,7.03,5.452,5.811
401,2011,157,2300,0.096454,0,5.365,7.75,7.03,5.463,5.815
401,2011,157,2315,0.095381,0,5.371,7.75,7.04,5.473,5.819
401,2011,157,2330,0.090167,0,5.38,7.76,7.04,5.483,5.819
401,2011,157,2345,0.085021,0,5.39,7.76,7.04,5.489,5.824
401,2011,157,2400,0.079944,0,5.4,7.76,7.05,5.494,5.835
401,2011,158,15,0.074934,0,5.411,7.76,7.05,5.501,5.831
401,2011,158,30,0.074557,0,5.416,7.77,7.06,5.506,5.831
401,2011,158,45,0.074181,0,5.423,7.78,7.06,5.513,5.83
401,2011,158,100,0.073807,0,5.43,7.78,7.06,5.518,5.83
401,2011,158,115,0.073433,0,5.437,7.78,7.06,5.522,5.831
401,2011,158,130,0.070721,0,5.449,7.79,7.07,5.527,5.833
401,2011,158,145,0.068056,0,5.456,7.79,7.07,5.528,5.843
401,2011,158,200,0.065437,0,5.465,7.79,7.08,5.535,5.85
401,2011,158,215,0.062864,0,5.473,7.79,7.08,5.54,5.858
401,2011,158,230,0.061775,0,5.474,7.8,7.09,5.547,5.862
401,2011,158,245,0.060695,0,5.485,7.8,7.09,5.55,5.862
401,2011,158,300,0.059624,0,5.5,7.81,7.09,5.552,5.858
401,2011,158,315,0.058562,0,5.506,7.82,7.09,5.555,5.859
401,2011,158,330,0.057711,0,5.514,7.83,7.09,5.561,5.862
401,2011,158,345,0.056867,0,5.521,7.83,7.1,5.565,5.872
401,2011,158,400,0.056031,0,5.527,7.84,7.11,5.569,5.875
401,2011,158,415,0.055202,0,5.547,7.84,7.11,5.571,5.876
401,2011,158,430,0.05478,7.0158,5.556,7.84,7.11,5.571,5.881
401,2011,158,445,0.054359,14.032,5.55,7.84,7.11,5.573,5.885
401,2011,158,500,0.05394,21.048,5.551,7.85,7.11,5.578,5.883
401,2011,158,515,0.053523,28.063,5.558,7.85,7.11,5.58,5.879
401,2011,158,530,0.053499,55.116,5.562,7.85,7.11,5.583,5.88
401,2011,158,545,0.053469,82.169,5.568,7.85,7.11,5.583,5.878
401,2011,158,600,0.053433,109.22,5.572,7.85,7.11,5.582,5.873
401,2011,158,615,0.053392,136.27,5.569,7.85,7.1,5.577,5.864
401,2011,158,630,0.055661,185.88,5.567,7.85,7.09,5.572,5.854
401,2011,158,645,0.057989,235.49,5.564,7.85,7.08,5.565,5.84
401,2011,158,700,0.060377,285.09,5.549,7.84,7.06,5.556,5.821
401,2011,158,715,0.062825,334.7,5.532,7.81,7.05,5.543,5.803
401,2011,158,730,0.075361,446.2,5.516,7.79,7.03,5.531,5.788
401,2011,158,745,0.088401,557.7,5.5,7.77,7.02,5.521,5.774
401,2011,158,800,0.10196,669.21,5.482,7.75,7.01,5.511,5.76
401,2011,158,815,0.11605,780.71,5.467,7.73,7,5.506,5.744
401,2011,158,830,0.19603,931.01,5.455,7.72,7,5.507,5.731
401,2011,158,845,0.28232,1081.3,5.456,7.72,7.01,5.507,5.722
401,2011,158,900,0.37526,1231.6,5.46,7.7,6.999,5.416,5.713
401,2011,158,915,0.47519,1381.9,5.428,7.63,6.825,5.07,5.704
401,2011,158,930,0.62481,1457.9,5.329,7.51,6.398,4.606,5.702
401,2011,158,945,0.78827,1533.8,5.169,7.36,5.893,4.223,5.66
401,2011,158,1000,0.96645,1609.8,4.951,7.16,5.497,3.934,5.469
401,2011,158,1015,1.1603,1685.7,4.713,6.906,5.227,3.723,5.098
401,2011,158,1030,1.2868,1736.9,4.563,6.736,5.136,3.621,4.822
401,2011,158,1045,1.4202,1788.1,4.427,6.572,5.007,3.524,4.582
401,2011,158,1100,1.5608,1839.4,4.308,6.425,4.926,3.468,4.357
401,2011,158,1115,1.7089,1890.6,4.241,6.345,4.896,3.449,4.195
401,2011,158,1130,1.7776,1911.5,4.225,6.322,4.877,3.434,4.102
401,2011,158,1145,1.8483,1932.4,4.186,6.278,4.83,3.39,4.029
401,2011,158,1200,1.921,1953.3,4.166,6.263,4.809,3.359,3.994
401,2011,158,1215,1.9957,1974.2,4.135,6.239,4.777,3.318,3.962
401,2011,158,1230,1.996,1902.1,4.165,6.255,4.768,3.296,3.951
401,2011,158,1245,1.9963,1830,4.155,6.215,4.735,3.254,3.924
401,2011,158,1300,1.9966,1758,4.137,6.197,4.69,3.213,3.915
401,2011,158,1315,1.9968,1685.9,4.261,6.379,4.782,3.261,4.005
401,2011,158,1330,1.9121,1600.4,4.138,6.26,4.677,3.194,3.947
401,2011,158,1345,1.8293,1514.9,4.099,6.199,4.612,3.159,3.88
401,2011,158,1400,1.7485,1429.3,4.131,6.199,4.588,3.134,3.889
401,2011,158,1415,1.6697,1343.8,4.258,6.382,4.687,3.179,3.989
401,2011,158,1430,1.6591,1280,4.296,6.515,4.718,3.199,4.062
401,2011,158,1445,1.6486,1216.1,4.145,6.325,4.594,3.137,3.982
401,2011,158,1500,1.6381,1152.3,4.141,6.317,4.581,3.131,3.963
401,2011,158,1515,1.6276,1088.4,4.245,6.426,4.654,3.163,3.999
401,2011,158,1530,1.6669,1069.3,4.289,6.538,4.716,3.197,4.075
401,2011,158,1545,1.7066,1050.1,4.171,6.438,4.654,3.166,4.035
401,2011,158,1600,1.7467,1031,4.179,6.41,4.669,3.172,4.019
401,2011,158,1615,1.7872,1011.9,4.197,6.412,4.702,3.181,4.039
401,2011,158,1630,1.6223,789.54,4.188,6.398,4.731,3.189,4.048
401,2011,158,1645,1.4666,567.22,4.22,6.434,4.782,3.216,4.066
401,2011,158,1700,1.3196,344.9,4.231,6.49,4.84,3.251,4.104
401,2011,158,1715,1.181,122.58,4.482,6.777,5.051,3.37,4.288
401,2011,158,1730,1.0382,113.92,4.723,7.06,5.387,3.568,4.598
401,2011,158,1745,0.90316,105.27,4.843,7.19,5.685,3.755,4.824
401,2011,158,1800,0.77564,96.617,4.917,7.27,5.885,3.901,4.967
401,2011,158,1815,0.65533,87.963,4.972,7.32,6.027,4.025,5.089
401,2011,158,1830,0.61454,70.794,5.012,7.36,6.162,4.125,5.21
401,2011,158,1845,0.57497,53.624,5.04,7.4,6.256,4.184,5.308
401,2011,158,1900,0.53659,36.455,5.069,7.43,6.352,4.258,5.39
401,2011,158,1915,0.49938,19.286,5.096,7.46,6.453,4.345,5.467
401,2011,158,1930,0.47871,14.464,5.126,7.49,6.548,4.442,5.532
401,2011,158,1945,0.45855,9.643,5.153,7.52,6.639,4.546,5.583
401,2011,158,2000,0.43889,4.8215,5.178,7.54,6.728,4.675,5.624
401,2011,158,2015,0.41972,0,5.203,7.56,6.801,4.795,5.654
401,2011,158,2030,0.41604,0,5.226,7.59,6.858,4.906,5.681
401,2011,158,2045,0.41239,0,5.246,7.61,6.899,4.997,5.703
401,2011,158,2100,0.40877,0,5.263,7.63,6.929,5.068,5.721
401,2011,158,2115,0.40517,0,5.278,7.65,6.952,5.128,5.736
401,2011,158,2130,0.37797,0,5.29,7.66,6.969,5.179,5.751
401,2011,158,2145,0.35143,0,5.299,7.66,6.981,5.221,5.762
401,2011,158,2200,0.32555,0,5.309,7.67,6.992,5.251,5.77
401,2011,158,2215,0.30032,0,5.317,7.68,7,5.278,5.781
401,2011,158,2230,0.29309,0,5.329,7.69,7.02,5.302,5.789
401,2011,158,2245,0.28593,0,5.335,7.7,7.03,5.328,5.795
401,2011,158,2300,0.27884,0,5.343,7.71,7.03,5.349,5.806
401,2011,158,2315,0.27182,0,5.348,7.72,7.04,5.371,5.813
401,2011,158,2330,0.25074,0,5.356,7.72,7.05,5.391,5.821
401,2011,158,2345,0.23014,0,5.369,7.72,7.07,5.415,5.831
401,2011,158,2400,0.20999,0,5.379,7.72,7.07,5.433,5.833
401,2011,159,15,0.19031,0,5.386,7.73,7.08,5.451,5.842
401,2011,159,30,0.19316,0,5.403,7.73,7.08,5.468,5.843
401,2011,159,45,0.19601,0,5.411,7.73,7.09,5.48,5.847
401,2011,159,100,0.19885,0,5.413,7.73,7.09,5.495,5.845
401,2011,159,115,0.20169,0,5.413,7.74,7.09,5.506,5.838
401,2011,159,130,0.1944,0,5.415,7.75,7.09,5.513,5.837
401,2011,159,145,0.18716,0,5.418,7.75,7.09,5.52,5.834
401,2011,159,200,0.17999,0,5.432,7.75,7.09,5.526,5.835
401,2011,159,215,0.17288,0,5.442,7.75,7.1,5.532,5.841
401,2011,159,230,0.16184,0,5.443,7.74,7.1,5.537,5.84
401,2011,159,245,0.15099,0,5.445,7.74,7.09,5.539,5.837
401,2011,159,300,0.14031,0,5.444,7.74,7.09,5.542,5.835
401,2011,159,315,0.1298,0,5.448,7.74,7.1,5.545,5.836
401,2011,159,330,0.12491,0,5.446,7.74,7.1,5.551,5.838
401,2011,159,345,0.12009,0,5.448,7.74,7.1,5.556,5.836
401,2011,159,400,0.11532,0,5.454,7.75,7.1,5.56,5.838
401,2011,159,415,0.11062,0,5.458,7.75,7.1,5.566,5.836
401,2011,159,430,0.10815,8.3767,5.465,7.75,7.1,5.572,5.838
401,2011,159,445,0.1057,16.753,5.467,7.75,7.11,5.577,5.843
401,2011,159,500,0.10326,25.13,5.469,7.75,7.11,5.583,5.848
401,2011,159,515,0.10083,33.507,5.475,7.76,7.11,5.587,5.843
401,2011,159,530,0.1006,68.195,5.479,7.76,7.11,5.591,5.841
401,2011,159,545,0.10037,102.88,5.488,7.77,7.11,5.593,5.843
401,2011,159,600,0.10013,137.57,5.494,7.76,7.11,5.596,5.842
401,2011,159,615,0.099887,172.26,5.497,7.76,7.11,5.598,5.843
401,2011,159,630,0.096416,249.23,5.5,7.76,7.11,5.597,5.837
401,2011,159,645,0.092801,326.21,5.507,7.75,7.11,5.594,5.829
401,2011,159,700,0.089038,403.18,5.511,7.74,7.11,5.59,5.819
401,2011,159,715,0.085125,480.16,5.513,7.73,7.1,5.587,5.805
401,2011,159,730,0.13066,607.51,5.513,7.72,7.09,5.582,5.789
401,2011,159,745,0.17927,734.86,5.511,7.72,7.08,5.576,5.774
401,2011,159,800,0.23109,862.21,5.524,7.69,7.08,5.547,5.758
401,2011,159,815,0.28625,989.57,5.499,7.63,7.05,5.395,5.748
401,2011,159,830,0.38693,1071,5.395,7.54,6.875,5.025,5.739
401,2011,159,845,0.49671,1152.4,5.274,7.44,6.539,4.632,5.727
401,2011,159,900,0.61618,1233.9,5.134,7.32,6.128,4.312,5.688
401,2011,159,915,0.74592,1315.3,4.975,7.17,5.735,4.047,5.578
401,2011,159,930,0.86374,1389.9,4.811,7.02,5.458,3.848,5.398
401,2011,159,945,0.99026,1464.5,4.655,6.871,5.275,3.705,5.146
401,2011,159,1000,1.126,1539.2,4.556,6.745,5.196,3.63,4.89
401,2011,159,1015,1.2713,1613.8,4.494,6.644,5.12,3.562,4.67
401,2011,159,1030,1.4601,1635.4,4.413,6.536,5.017,3.491,4.449
401,2011,159,1045,1.6597,1657.1,4.319,6.398,4.902,3.413,4.236
401,2011,159,1100,1.8705,1678.7,4.233,6.277,4.839,3.371,4.107
401,2011,159,1115,2.0931,1700.4,4.163,6.202,4.788,3.329,4.022
401,2011,159,1130,1.7594,1346.7,4.134,6.185,4.775,3.307,3.978
401,2011,159,1145,1.4645,993,4.097,6.128,4.733,3.263,3.925
401,2011,159,1200,1.2045,639.31,4.097,6.114,4.722,3.234,3.897
401,2011,159,1215,0.97636,285.62,4.363,6.511,4.942,3.35,4.09
401,2011,159,1230,0.92255,288.69,4.54,6.788,5.095,3.431,4.273
401,2011,159,1245,0.86973,291.76,4.6,6.9,5.154,3.477,4.383
401,2011,159,1300,0.81787,294.83,4.707,7.02,5.335,3.593,4.518
401,2011,159,1315,0.76697,297.89,4.788,7.11,5.514,3.706,4.649
401,2011,159,1330,0.71472,287.42,4.823,7.16,5.573,3.758,4.731
401,2011,159,1345,0.66265,276.95,4.841,7.19,5.657,3.807,4.804
401,2011,159,1400,0.61076,266.47,4.851,7.2,5.717,3.849,4.859
401,2011,159,1415,0.55906,256,4.879,7.22,5.817,3.909,4.92
401,2011,159,1430,0.54259,239.81,4.883,7.23,5.851,3.927,4.975
401,2011,159,1445,0.52609,223.62,4.881,7.23,5.861,3.95,5.035
401,2011,159,1500,0.50955,207.43,4.917,7.26,5.952,4,5.118
401,2011,159,1515,0.49298,191.24,4.937,7.27,5.996,4.025,5.175
401,2011,159,1530,0.48029,187.21,4.951,7.29,6.023,4.063,5.225
401,2011,159,1545,0.46761,183.18,4.976,7.31,6.116,4.12,5.28
401,2011,159,1600,0.45493,179.16,5.001,7.33,6.257,4.216,5.335
401,2011,159,1615,0.44224,175.13,5.008,7.33,6.241,4.197,5.35
401,2011,159,1630,0.44548,171.36,5.008,7.33,6.238,4.192,5.371
401,2011,159,1645,0.44873,167.59,5.024,7.35,6.317,4.274,5.417
401,2011,159,1700,0.45198,163.83,5.05,7.37,6.441,4.366,5.466
401,2011,159,1715,0.45524,160.06,5.047,7.36,6.436,4.346,5.485
401,2011,159,1730,0.43832,145.52,5.058,7.37,6.445,4.353,5.506
401,2011,159,1745,0.42164,130.98,5.07,7.38,6.468,4.379,5.527
401,2011,159,1800,0.40519,116.44,5.082,7.39,6.516,4.423,5.549
401,2011,159,1815,0.38898,101.9,5.103,7.41,6.599,4.512,5.578
401,2011,159,1830,0.35222,83,5.123,7.43,6.625,4.55,5.6
401,2011,159,1845,0.3166,64.102,5.136,7.45,6.665,4.574,5.618
401,2011,159,1900,0.2821,45.204,5.151,7.46,6.731,4.671,5.636
401,2011,159,1915,0.2487,26.305,5.18,7.48,6.803,4.822,5.656
401,2011,159,1930,0.23654,19.729,5.207,7.5,6.882,4.931,5.668
401,2011,159,1945,0.22476,13.153,5.228,7.52,6.922,5.019,5.672
401,2011,159,2000,0.21334,6.5764,5.248,7.54,6.936,5.115,5.68
401,2011,159,2015,0.20228,0,5.268,7.55,6.961,5.19,5.69
401,2011,159,2030,0.19679,0,5.291,7.57,6.985,5.254,5.7
401,2011,159,2045,0.19142,0,5.305,7.58,7,5.306,5.715
401,2011,159,2100,0.18615,0,5.318,7.6,7.02,5.348,5.723
401,2011,159,2115,0.18098,0,5.32,7.61,7.03,5.381,5.73
401,2011,159,2130,0.16556,0,5.332,7.63,7.04,5.409,5.738
401,2011,159,2145,0.15058,0,5.344,7.65,7.04,5.433,5.742
401,2011,159,2200,0.13603,0,5.355,7.66,7.04,5.455,5.746
401,2011,159,2215,0.12189,0,5.364,7.66,7.06,5.474,5.749
401,2011,159,2230,0.11731,0,5.377,7.66,7.06,5.488,5.752
401,2011,159,2245,0.11276,0,5.388,7.66,7.07,5.503,5.764
401,2011,159,2300,0.10824,0,5.394,7.66,7.08,5.515,5.776
401,2011,159,2315,0.10376,0,5.395,7.66,7.08,5.527,5.778
401,2011,159,2330,0.099949,0,5.407,7.67,7.09,5.536,5.78
401,2011,159,2345,0.096189,0,5.422,7.67,7.09,5.545,5.791
401,2011,159,2400,0.092482,0,5.438,7.67,7.09,5.554,5.79
